row_index,comment_id,comment_type,text,golden,models_missing_2,models_with_2,num_models_missing_2,num_models_with_2,Qwen3-235B-A22B_few_shot_prediction,Qwen3-235B-A22B_few_shot_has_2,Qwen3-32B_no_cot_prediction,Qwen3-32B_no_cot_has_2,gemma-3-27b-it_zero_shot_prediction,gemma-3-27b-it_zero_shot_has_2,Qwen3-32B_few_shot_prediction,Qwen3-32B_few_shot_has_2,Qwen3-32B_zero_shot_prediction,Qwen3-32B_zero_shot_has_2,gemma-3-27b-it_no_cot_prediction,gemma-3-27b-it_no_cot_has_2,Qwen3-235B-A22B_zero_shot_prediction,Qwen3-235B-A22B_zero_shot_has_2,gemma-3-27b-it_few_shot_prediction,gemma-3-27b-it_few_shot_has_2,Qwen3-235B-A22B_no_cot_prediction,Qwen3-235B-A22B_no_cot_has_2
19,reply_chengdu_2_8_4,reply,我也想说，我那个农村老板在成都买房了，经常给我说我现在也是成都本地人了，创业初成功经常在那吹嘘自己🐮逼，神戳戳的，他不在别的同事面前说他是成都户口了因为其他人不是土著,26,"['gemma-3-27b-it_zero_shot', 'gemma-3-27b-it_no_cot', 'gemma-3-27b-it_few_shot']","['Qwen3-235B-A22B_few_shot', 'Qwen3-32B_no_cot', 'Qwen3-32B_few_shot', 'Qwen3-32B_zero_shot', 'Qwen3-235B-A22B_zero_shot', 'Qwen3-235B-A22B_no_cot']",3,6,"认同逻辑2, 认同逻辑6",True,认同逻辑2,True,"认同逻辑6, 认同逻辑5",False,"认同逻辑6, 认同逻辑2",True,"认同逻辑2, 认同逻辑3, 认同逻辑6",True,"认同逻辑3, 认同逻辑6",False,"认同逻辑2, 认同逻辑3, 认同逻辑5",True,"认同逻辑6, 认同逻辑3",False,"认同逻辑2, 认同逻辑3, 认同逻辑6",True
49,comment_chengdu_2_170,comment,哈哈哈哈 我土著我倒是还好，但我身边的土著亲戚朋友 确实看不起外地的 而且三环外的都不行 我亲戚还说我男朋友是农转非,12,"['Qwen3-235B-A22B_few_shot', 'Qwen3-32B_no_cot', 'gemma-3-27b-it_zero_shot', 'Qwen3-32B_few_shot', 'gemma-3-27b-it_no_cot', 'Qwen3-235B-A22B_zero_shot', 'gemma-3-27b-it_few_shot', 'Qwen3-235B-A22B_no_cot']",['Qwen3-32B_zero_shot'],8,1,"认同逻辑1, 认同逻辑3, 认同逻辑7",False,"认同逻辑1, 认同逻辑3",False,"认同逻辑1, 认同逻辑7, 认同逻辑3",False,"认同逻辑1, 认同逻辑3, 认同逻辑6",False,"认同逻辑1, 认同逻辑2, 认同逻辑3",True,"认同逻辑1, 认同逻辑3, 认同逻辑7",False,"认同逻辑1, 认同逻辑3, 认同逻辑6",False,"认同逻辑1, 认同逻辑6, 认同逻辑7",False,"认同逻辑1, 认同逻辑3, 认同逻辑6",False
83,comment_harbin1_1_1,comment,我也一直以为只要是哈尔滨辖区内不管市里还是县里的都可以算是哈尔滨市的人 直到我在小红书看到有人说县里的都是农村的 不属于哈尔滨人 他们老哈尔滨人只有道里的,2,"['Qwen3-32B_no_cot', 'Qwen3-235B-A22B_no_cot']","['Qwen3-235B-A22B_few_shot', 'gemma-3-27b-it_zero_shot', 'Qwen3-32B_few_shot', 'Qwen3-32B_zero_shot', 'gemma-3-27b-it_no_cot', 'Qwen3-235B-A22B_zero_shot', 'gemma-3-27b-it_few_shot']",2,7,"认同逻辑1, 认同逻辑2",True,认同逻辑1,False,"认同逻辑1, 认同逻辑2",True,"认同逻辑2, 认同逻辑1",True,"认同逻辑1, 认同逻辑2",True,"认同逻辑1, 认同逻辑2",True,"认同逻辑1, 认同逻辑2",True,"认同逻辑2, 认同逻辑1",True,认同逻辑1,False
86,comment_harbin1_1_15,comment,我家是双城的，后来工作考到了南岗。首先声明我一直说我是双城人，放心我没有说我是哈尔滨。最近在抖音上看到，因为口音然后有这种区分争论。其实按行政归属来说，9区12县的都可以说自己是哈尔滨的呀。看到抖音这些争论，我更要说我是双城人了，我从来没有觉得说是哈尔滨人能为我提升什么档次。也没有觉得说双城有什么羞愧的。别人说可能也只是为了方便别人知道家乡大概是什么位置。另一方面，每一个城市的发展都是由在本城市同生活奋斗的人一起共同努力的。无论你是老哈尔滨人还是新哈尔滨人。,2,['Qwen3-32B_few_shot'],"['Qwen3-235B-A22B_few_shot', 'Qwen3-32B_no_cot', 'gemma-3-27b-it_zero_shot', 'Qwen3-32B_zero_shot', 'gemma-3-27b-it_no_cot', 'Qwen3-235B-A22B_zero_shot', 'gemma-3-27b-it_few_shot', 'Qwen3-235B-A22B_no_cot']",1,8,"认同逻辑1, 认同逻辑2",True,"认同逻辑2, 认同逻辑1",True,"认同逻辑2, 认同逻辑3",True,认同逻辑3,False,认同逻辑2,True,"认同逻辑2, 认同逻辑3",True,"认同逻辑1, 认同逻辑2, 认同逻辑4",True,"认同逻辑3, 认同逻辑2",True,"认同逻辑2, 认同逻辑4",True
88,comment_harbin1_1_74,comment,9区12县都是哈尔滨……老哈尔滨人都认为早期的七区（还有被取消的动力区和太平区）五县，现在是哈尔滨市区主要包括道里区、南岗区、道外区、平房区、松北区、香坊区、呼兰区、阿城区、双城区。其他算郊县。所以啥哈尔滨人……唉，都是中国人，行政区域内，全都是哈尔滨人。没必要,2,"['Qwen3-32B_no_cot', 'Qwen3-235B-A22B_no_cot']","['Qwen3-235B-A22B_few_shot', 'gemma-3-27b-it_zero_shot', 'Qwen3-32B_few_shot', 'Qwen3-32B_zero_shot', 'gemma-3-27b-it_no_cot', 'Qwen3-235B-A22B_zero_shot', 'gemma-3-27b-it_few_shot']",2,7,"认同逻辑1, 认同逻辑2",True,认同逻辑1,False,"认同逻辑1, 认同逻辑2",True,"认同逻辑1, 认同逻辑2",True,"认同逻辑1, 认同逻辑2",True,"认同逻辑1, 认同逻辑2",True,"认同逻辑1, 认同逻辑2",True,"认同逻辑1, 认同逻辑2",True,认同逻辑1,False
90,reply_harbin1_1_103_8,reply,那个某某区是指哪个区 把他除外那他到底归属于哪个市 而且我也说了 就这种观念简直是无法理解 你说电视上说一个区除外可以 但还有周边那么多县呢 你自己搜搜这种帖子评论下边有多少这种想法 县也不算哈尔滨的 个别的区也不算哈尔滨的 有些“老哈尔滨人”一个劲把这些都排除 那我就想问问这些你们不承认的地方他到底属于哪啊 他是属于大庆的？齐齐哈尔的？,2,"['Qwen3-32B_no_cot', 'gemma-3-27b-it_zero_shot', 'Qwen3-32B_few_shot']","['Qwen3-235B-A22B_few_shot', 'Qwen3-32B_zero_shot', 'gemma-3-27b-it_no_cot', 'Qwen3-235B-A22B_zero_shot', 'gemma-3-27b-it_few_shot', 'Qwen3-235B-A22B_no_cot']",3,6,认同逻辑2,True,认同逻辑1,False,认同逻辑1,False,认同逻辑1,False,"认同逻辑2, 认同逻辑1",True,"认同逻辑1, 认同逻辑2",True,认同逻辑2,True,"认同逻辑1, 认同逻辑2",True,认同逻辑2,True
113,reply_hefei2_1_1_10,reply,合肥四个行政区啊，为什么合肥人都爱把这种高新区说成行政区,2,"['Qwen3-32B_no_cot', 'Qwen3-32B_few_shot', 'Qwen3-235B-A22B_zero_shot', 'Qwen3-235B-A22B_no_cot']","['Qwen3-235B-A22B_few_shot', 'gemma-3-27b-it_zero_shot', 'Qwen3-32B_zero_shot', 'gemma-3-27b-it_no_cot', 'gemma-3-27b-it_few_shot']",4,5,认同逻辑2,True,认同逻辑1,False,认同逻辑2,True,认同逻辑1,False,认同逻辑2,True,认同逻辑2,True,认同逻辑1,False,认同逻辑2,True,认同逻辑1,False
162,reply_jinan_1_54_1,reply,应该得去掉一大半，老济南只有护城河里面那一块吧，我们这是里这样说的～所以老济南画个小圈圈就好啦。不过2022年的济南市区确实大了不少，听我爸说济南扩建了好几次才有了现在的济南。现在莱芜章丘也并入济南了吧?济南越来越大啦，市区肯定不能那么一点点啦～毕竟是省会，不发展一下如何是好，对吧?,12,['Qwen3-32B_few_shot'],"['Qwen3-235B-A22B_few_shot', 'Qwen3-32B_no_cot', 'gemma-3-27b-it_zero_shot', 'Qwen3-32B_zero_shot', 'gemma-3-27b-it_no_cot', 'Qwen3-235B-A22B_zero_shot', 'gemma-3-27b-it_few_shot', 'Qwen3-235B-A22B_no_cot']",1,8,"认同逻辑1, 认同逻辑2",True,"认同逻辑1, 认同逻辑2",True,"认同逻辑1, 认同逻辑2",True,认同逻辑1,False,"认同逻辑1, 认同逻辑2",True,"认同逻辑1, 认同逻辑2",True,"认同逻辑1, 认同逻辑2, 认同逻辑5",True,"认同逻辑1, 认同逻辑2",True,"认同逻辑1, 认同逻辑2",True
165,comment_jinan_1_92,comment,章丘人，上了大学说自己是济南的，别的区的觉得我碰瓷。。。。。说的和我们很想并入你们一样章丘市不比区大气啊？,2,['Qwen3-32B_no_cot'],"['Qwen3-235B-A22B_few_shot', 'gemma-3-27b-it_zero_shot', 'Qwen3-32B_few_shot', 'Qwen3-32B_zero_shot', 'gemma-3-27b-it_no_cot', 'Qwen3-235B-A22B_zero_shot', 'gemma-3-27b-it_few_shot', 'Qwen3-235B-A22B_no_cot']",1,8,"认同逻辑2, 认同逻辑1",True,认同逻辑1,False,认同逻辑2,True,认同逻辑2,True,"认同逻辑1, 认同逻辑2",True,"认同逻辑1, 认同逻辑2",True,"认同逻辑2, 认同逻辑3",True,"认同逻辑2, 认同逻辑1",True,"认同逻辑1, 认同逻辑2",True
166,comment_jinan_1_104,comment,呃，有没有想过被划进来的也不喜欢济南啊，纯纯被济南吸血光靠济南市区早就让烟台超了,12,"['Qwen3-235B-A22B_few_shot', 'Qwen3-32B_no_cot', 'gemma-3-27b-it_zero_shot', 'gemma-3-27b-it_no_cot']","['Qwen3-32B_few_shot', 'Qwen3-32B_zero_shot', 'Qwen3-235B-A22B_zero_shot', 'gemma-3-27b-it_few_shot', 'Qwen3-235B-A22B_no_cot']",4,5,认同逻辑5,False,认同逻辑1,False,认同逻辑6,False,认同逻辑2,True,认同逻辑2,True,"认同逻辑1, 认同逻辑6",False,"认同逻辑2, 认同逻辑5",True,认同逻辑2,True,认同逻辑2,True
175,reply_jinan_2_26_2,reply,一部分在历下一部分在历城吧 高新不是行政区划啊,2,['gemma-3-27b-it_no_cot'],"['Qwen3-235B-A22B_few_shot', 'Qwen3-32B_no_cot', 'gemma-3-27b-it_zero_shot', 'Qwen3-32B_few_shot', 'Qwen3-32B_zero_shot', 'Qwen3-235B-A22B_zero_shot', 'gemma-3-27b-it_few_shot', 'Qwen3-235B-A22B_no_cot']",1,8,认同逻辑2,True,认同逻辑2,True,"认同逻辑1, 认同逻辑2",True,认同逻辑2,True,认同逻辑2,True,认同逻辑1,False,认同逻辑2,True,认同逻辑2,True,认同逻辑2,True
211,reply_qingdao_6_3,reply,我潍坊人，平度以前属于潍坊过，所以现在还有一些老一辈平度人的对潍坊归属感比青岛强,2,['gemma-3-27b-it_zero_shot'],"['Qwen3-235B-A22B_few_shot', 'Qwen3-32B_no_cot', 'Qwen3-32B_few_shot', 'Qwen3-32B_zero_shot', 'gemma-3-27b-it_no_cot', 'Qwen3-235B-A22B_zero_shot', 'gemma-3-27b-it_few_shot', 'Qwen3-235B-A22B_no_cot']",1,8,认同逻辑2,True,认同逻辑2,True,,False,认同逻辑2,True,认同逻辑2,True,"认同逻辑3, 认同逻辑2",True,"认同逻辑2, 认同逻辑3",True,认同逻辑2,True,认同逻辑2,True
224,main_qingdao_67b313fb000000002902b8b2,main,"“城阳不算青岛…”最近山东的小伙伴可能都刷到了这个视频，青岛大姨把城阳黄岛即墨胶州莱西平度开除岛籍，到底哪才是青岛呢？
 🛡️叠甲：坚决反对一切地域歧视和地图炮言行🙅
 🧒本人：家庭来自江苏常州多年在青岛上学工作（市南区实验-市实验初中-青岛二中）
 1.“算不算青岛”本质是一个“城 郊 对立”的说法，行政上各区市都属于青岛，但主城区的大姨群体不认同其他区市的人是“青岛人”
 2.【教育体系的隔离】多年以来城阳黄岛莱西等区市的学生，都无法报考市属重点高中（2 58 1 9），10年前崂山的学生仅有部分能报考（这也是崂山以前被开除岛籍的原因），至今城阳黄岛等区的学生也无法派位局属初中（实验 26 39 ），教育资源分布不均问题仍未解决。
  
 3.【方言口音的差异】主城区居民多是移民，更接近普通话，且有部分外语舶来词，这也是大姨们优越感的来源之一，城阳、黄岛（胶南）即墨本地人居多，口音和词汇更具地方性历史性。
 4.【道路交通的隔离】至今青岛主城区通往各区市的最便捷路线都需要交费：黄岛-海底隧道、城阳-青银高速、即墨平度莱西-青新龙青高速、胶州-跨海大桥，这在大型城市中是比较少见的人为隔离，导致产生了“进城”要交钱的优越心理，也增加了跨区通勤的成本。【再次呼吁海底隧道免费！】
  
 5. 【皈依者狂热】这一心理现象多出现在受过殖民影响的地区，主城区的移民们觉得自己继承老德意志正黑旗的衣钵，靠着优越感和歧视来构建区域居民认同。同样的病态心理也出现在部分上海、香港等地居民。
 6.【发展不均衡】抛去gdp这种和普通人关系不大的数据不谈，各区人均可支配收入基本符合“开除岛籍”视频中的描述，主城区包揽前几名（2022年度数据）。
  
 7.【被歧视、凝视者的反击】很多在主城区求学、工作的人都在租房、挤地铁公交的过程中遭受过大姨们的嘲讽、歧视、冒犯，互联网玩梗，既是消遣也是反击。
 【综上所述】“不算青岛”本身就是没有上海香港的命得了上海香港的病。一个歧视他人的人不会有大出息，一个排外甚至排内的城市不会有大发展。研究哪个区算青岛，不如研究如何促进教育公平、经济发展、交通畅通。",25,"['Qwen3-32B_no_cot', 'Qwen3-32B_few_shot', 'Qwen3-32B_zero_shot']","['Qwen3-235B-A22B_few_shot', 'gemma-3-27b-it_zero_shot', 'gemma-3-27b-it_no_cot', 'Qwen3-235B-A22B_zero_shot', 'gemma-3-27b-it_few_shot', 'Qwen3-235B-A22B_no_cot']",3,6,"认同逻辑1, 认同逻辑2, 认同逻辑4, 认同逻辑5, 认同逻辑6",True,"认同逻辑1, 认同逻辑4, 认同逻辑5, 认同逻辑6",False,"认同逻辑1, 认同逻辑2, 认同逻辑3, 认同逻辑4, 认同逻辑5, 认同逻辑6",True,"认同逻辑1, 认同逻辑4, 认同逻辑6, 认同逻辑7, 认同逻辑5",False,"认同逻辑1, 认同逻辑4",False,"认同逻辑1, 认同逻辑2, 认同逻辑3, 认同逻辑4, 认同逻辑5, 认同逻辑6",True,"认同逻辑1, 认同逻辑2, 认同逻辑3, 认同逻辑4, 认同逻辑5, 认同逻辑6",True,"认同逻辑1, 认同逻辑2, 认同逻辑4, 认同逻辑5, 认同逻辑6, 认同逻辑7",True,"认同逻辑1, 认同逻辑2, 认同逻辑4, 认同逻辑5, 认同逻辑6",True
230,comment_nanjing_1_19,comment,按以前的行政区块，至少老下关、秦淮区城墙外的部分、雨花、建邺相当于城乡结合部，2000年以前仙林大学城那边还有不少农田的,2,['Qwen3-32B_no_cot'],"['Qwen3-235B-A22B_few_shot', 'gemma-3-27b-it_zero_shot', 'Qwen3-32B_few_shot', 'Qwen3-32B_zero_shot', 'gemma-3-27b-it_no_cot', 'Qwen3-235B-A22B_zero_shot', 'gemma-3-27b-it_few_shot', 'Qwen3-235B-A22B_no_cot']",1,8,"认同逻辑1, 认同逻辑2",True,认同逻辑1,False,"认同逻辑2, 认同逻辑1",True,认同逻辑2,True,认同逻辑2,True,"认同逻辑1, 认同逻辑2",True,"认同逻辑2, 认同逻辑1, 认同逻辑3",True,"认同逻辑1, 认同逻辑2",True,认同逻辑2,True
231,comment_nanjing_1_38,comment,以前城墙以内，现在按行政区划。如果还按照以前，南京小县城都不如了，太小。现在南京全部加一起也不大，再减就没啦,2,['gemma-3-27b-it_zero_shot'],"['Qwen3-235B-A22B_few_shot', 'Qwen3-32B_no_cot', 'Qwen3-32B_few_shot', 'Qwen3-32B_zero_shot', 'gemma-3-27b-it_no_cot', 'Qwen3-235B-A22B_zero_shot', 'gemma-3-27b-it_few_shot', 'Qwen3-235B-A22B_no_cot']",1,8,"认同逻辑2, 认同逻辑1",True,"认同逻辑1, 认同逻辑2",True,认同逻辑1,False,"认同逻辑1, 认同逻辑2",True,认同逻辑2,True,认同逻辑2,True,"认同逻辑1, 认同逻辑2",True,"认同逻辑1, 认同逻辑2",True,认同逻辑2,True
259,comment_beijing1_1_137,comment,东城：出生地 西城：学前班以及爷爷奶奶家 富贵之地 朝阳：定居➕身份证号 朝阳人民群众 商务区 使馆区 购物时尚 金融CBD 海淀 各种重点学校➕很多部队的人员居住➕学区房老破小➕IT 丰台：印象中南城外省市的流动人口最多 石景山：对它印象一直停留在石景山游乐园 大兴：水质很差 都是村 房山：口音很重 感觉路途遥远 都是景点 怀柔：周末远郊必去 昌平：上风口 选🪦的风水宝地和延庆一起堪称北京空气质量略好一筹的地区 密云：密云水库 🍑 古北水镇 口音也很重 延庆：除了山就是村 开车还要盘山 房子便宜的你都不认为它是北京！,1234,"['Qwen3-32B_no_cot', 'gemma-3-27b-it_zero_shot']","['Qwen3-235B-A22B_few_shot', 'Qwen3-32B_few_shot', 'Qwen3-32B_zero_shot', 'gemma-3-27b-it_no_cot', 'Qwen3-235B-A22B_zero_shot', 'gemma-3-27b-it_few_shot', 'Qwen3-235B-A22B_no_cot']",2,7,"认同逻辑1, 认同逻辑2, 认同逻辑3, 认同逻辑4, 认同逻辑5, 认同逻辑7",True,认同逻辑1,False,,False,"认同逻辑1, 认同逻辑2, 认同逻辑3, 认同逻辑4, 认同逻辑5, 认同逻辑7",True,"认同逻辑1, 认同逻辑2, 认同逻辑3, 认同逻辑4, 认同逻辑5, 认同逻辑7",True,"认同逻辑1, 认同逻辑2, 认同逻辑3, 认同逻辑4, 认同逻辑5, 认同逻辑6, 认同逻辑7",True,"认同逻辑3, 认同逻辑2, 认同逻辑5, 认同逻辑7, 认同逻辑4",True,"认同逻辑1, 认同逻辑2, 认同逻辑3, 认同逻辑4, 认同逻辑5, 认同逻辑7",True,"认同逻辑1, 认同逻辑2, 认同逻辑3, 认同逻辑4",True
261,main_beijing2_1,main,"今天出去玩 听见一个老爷爷在聊天 说老北京的城八区 东城 西城 崇文 宣武 那叫城里 朝阳 海淀 丰台 石景山是近郊 那时候骑自行车问去哪玩 都说去城里
 那远郊的那几个区都是后划进来的 要问去哪啊 基本就说去北京 那离城里太远了 山路不好走 开车也得开一天啊
 我查了一下北京在建国初期的时候 北京城区一共是七个 也就是前文区 东单东四西单西四崇文宣武 还有六个郊区 就是东郊南苑 丰台海淀石景山 还有一个京西矿区 到了1956年的时候 隶属于河北的昌平划归北京 那会叫昌平县 到1958年的时候把东四东单合并成东城区 西四西单合并成西城区 同时撤销了前门区 在后来 京西矿区就变成了门头沟区 东郊呢变成了朝阳区 同一年 通州房山大兴平谷 密云怀柔延庆都并入北京",12,['Qwen3-32B_no_cot'],"['Qwen3-235B-A22B_few_shot', 'gemma-3-27b-it_zero_shot', 'Qwen3-32B_few_shot', 'Qwen3-32B_zero_shot', 'gemma-3-27b-it_no_cot', 'Qwen3-235B-A22B_zero_shot', 'gemma-3-27b-it_few_shot', 'Qwen3-235B-A22B_no_cot']",1,8,"认同逻辑1, 认同逻辑2",True,认同逻辑1,False,"认同逻辑1, 认同逻辑2",True,"认同逻辑1, 认同逻辑2",True,"认同逻辑1, 认同逻辑2",True,"认同逻辑1, 认同逻辑2",True,"认同逻辑1, 认同逻辑2",True,"认同逻辑1, 认同逻辑2",True,"认同逻辑1, 认同逻辑2",True
263,reply_beijing2_1_1_24,reply,思想别那么传统，我看你主页，小伙岁数也不大啊，怎么思想那么封建，北京16个区，一个区也不能少，任何一个区至关重要，如果你说三环外是农地，我告诉你，那是上世纪，我在六环里，现在六环建设也不差啊，我告诉你，北京指的是，城六区:东西海朝石丰，6个，一个也不能少，郊区，10个，一个也不能少！,2,"['Qwen3-32B_no_cot', 'gemma-3-27b-it_zero_shot', 'Qwen3-235B-A22B_no_cot']","['Qwen3-235B-A22B_few_shot', 'Qwen3-32B_few_shot', 'Qwen3-32B_zero_shot', 'gemma-3-27b-it_no_cot', 'Qwen3-235B-A22B_zero_shot', 'gemma-3-27b-it_few_shot']",3,6,认同逻辑2,True,认同逻辑1,False,认同逻辑1,False,认同逻辑2,True,认同逻辑2,True,"认同逻辑1, 认同逻辑2",True,"认同逻辑1, 认同逻辑2, 认同逻辑5",True,认同逻辑2,True,认同逻辑1,False
325,reply_gz2_1_4_8,reply,系咯，我有个同学系赤岗d村民啊，佢话佢乡下系三水。唔多明d人点解觉得有分红又祠堂先系土著，奇怪🤔,2,"['Qwen3-235B-A22B_few_shot', 'Qwen3-32B_no_cot', 'gemma-3-27b-it_zero_shot', 'Qwen3-32B_few_shot', 'Qwen3-32B_zero_shot', 'gemma-3-27b-it_no_cot', 'Qwen3-235B-A22B_zero_shot', 'gemma-3-27b-it_few_shot', 'Qwen3-235B-A22B_no_cot']",[],9,0,"认同逻辑3, 认同逻辑6",False,认同逻辑6,False,认同逻辑6,False,认同逻辑6,False,"认同逻辑3, 认同逻辑6",False,认同逻辑6,False,"认同逻辑1, 认同逻辑3, 认同逻辑6",False,认同逻辑6,False,"认同逻辑6, 认同逻辑3",False
332,comment_gz2_1_59,comment,我认为的，如果户口是那就是啊 广州居民，不是老广（老广指村里有分红的）；新广就是买房定居广州（新入户广州的）,26,['gemma-3-27b-it_zero_shot'],"['Qwen3-235B-A22B_few_shot', 'Qwen3-32B_no_cot', 'Qwen3-32B_few_shot', 'Qwen3-32B_zero_shot', 'gemma-3-27b-it_no_cot', 'Qwen3-235B-A22B_zero_shot', 'gemma-3-27b-it_few_shot', 'Qwen3-235B-A22B_no_cot']",1,8,"认同逻辑2, 认同逻辑6",True,"认同逻辑2, 认同逻辑6",True,,False,"认同逻辑2, 认同逻辑6",True,"认同逻辑2, 认同逻辑6",True,"认同逻辑2, 认同逻辑6",True,"认同逻辑2, 认同逻辑6",True,"认同逻辑2, 认同逻辑6",True,"认同逻辑2, 认同逻辑6",True
342,comment_gz2_1_81,comment,历史流流长，世界咁大。只要户口在广州且会讲白话，有文化认同那就是广州人。我理论上祖籍茂名，祖上因为打地主走过来。我阿爷係华师学生，后来喺番禺起屋做老师。我屋企而家已经同茂名那边几乎冇关系，一个人都唔识。我唔觉得我係第二个地方嘅人。至于番禺嘅归属，那是另一个话题,246,"['gemma-3-27b-it_zero_shot', 'Qwen3-32B_zero_shot', 'gemma-3-27b-it_no_cot']","['Qwen3-235B-A22B_few_shot', 'Qwen3-32B_no_cot', 'Qwen3-32B_few_shot', 'Qwen3-235B-A22B_zero_shot', 'gemma-3-27b-it_few_shot', 'Qwen3-235B-A22B_no_cot']",3,6,"认同逻辑2, 认同逻辑3, 认同逻辑4",True,"认同逻辑2, 认同逻辑4, 认同逻辑3",True,,False,"认同逻辑2, 认同逻辑4",True,,False,"认同逻辑4, 认同逻辑3",False,"认同逻辑2, 认同逻辑4, 认同逻辑3, 认同逻辑1",True,"认同逻辑2, 认同逻辑3, 认同逻辑4",True,"认同逻辑2, 认同逻辑3, 认同逻辑4",True
346,reply_gz2_1_103_1,reply,对啊我也想知道我们家在从化的村里有个几百年的祠堂，肯定算从化土著了。但是一几年并入广州之后身份证变了，不知道算不算广州土著。,2,['gemma-3-27b-it_zero_shot'],"['Qwen3-235B-A22B_few_shot', 'Qwen3-32B_no_cot', 'Qwen3-32B_few_shot', 'Qwen3-32B_zero_shot', 'gemma-3-27b-it_no_cot', 'Qwen3-235B-A22B_zero_shot', 'gemma-3-27b-it_few_shot', 'Qwen3-235B-A22B_no_cot']",1,8,"认同逻辑3, 认同逻辑2",True,"认同逻辑2, 认同逻辑3",True,,False,"认同逻辑3, 认同逻辑2",True,"认同逻辑2, 认同逻辑3",True,"认同逻辑2, 认同逻辑3",True,"认同逻辑3, 认同逻辑2",True,"认同逻辑3, 认同逻辑2",True,"认同逻辑3, 认同逻辑2",True
396,comment_wuhan2_1_53,comment,评论区的别这样对待黄陂啊，黄陂虽说远，但他现在也好歹是属于武汉的，也就相当于都是一个妈生的，各有各的优势，别瞧不起啊，毕竟地铁七号线以后也是要延长到黄陂的嘛，这样也方便多了，不过我在外面说我是黄陂人，也没见有人瞧不起或者诧异什么的啊,12,['Qwen3-32B_zero_shot'],"['Qwen3-235B-A22B_few_shot', 'Qwen3-32B_no_cot', 'gemma-3-27b-it_zero_shot', 'Qwen3-32B_few_shot', 'gemma-3-27b-it_no_cot', 'Qwen3-235B-A22B_zero_shot', 'gemma-3-27b-it_few_shot', 'Qwen3-235B-A22B_no_cot']",1,8,认同逻辑2,True,认同逻辑2,True,"认同逻辑2, 认同逻辑5",True,认同逻辑2,True,,False,"认同逻辑2, 认同逻辑5",True,"认同逻辑2, 认同逻辑5",True,认同逻辑2,True,"认同逻辑2, 认同逻辑5, 认同逻辑1",True
399,comment_wuhan2_1_77,comment,武汉已经越来越大了，现在黄陂新洲都划进来了,2,['gemma-3-27b-it_few_shot'],"['Qwen3-235B-A22B_few_shot', 'Qwen3-32B_no_cot', 'gemma-3-27b-it_zero_shot', 'Qwen3-32B_few_shot', 'Qwen3-32B_zero_shot', 'gemma-3-27b-it_no_cot', 'Qwen3-235B-A22B_zero_shot', 'Qwen3-235B-A22B_no_cot']",1,8,认同逻辑2,True,认同逻辑2,True,"认同逻辑1, 认同逻辑2",True,认同逻辑2,True,认同逻辑2,True,认同逻辑2,True,认同逻辑2,True,,False,认同逻辑2,True
410,reply_xm1_1_3_7,reply,最早划分行政区的确是这样的。除了最早的中山路开元，其他的都叫做“郊区”，是行政意义上的郊区。,2,['Qwen3-235B-A22B_zero_shot'],"['Qwen3-235B-A22B_few_shot', 'Qwen3-32B_no_cot', 'gemma-3-27b-it_zero_shot', 'Qwen3-32B_few_shot', 'Qwen3-32B_zero_shot', 'gemma-3-27b-it_no_cot', 'gemma-3-27b-it_few_shot', 'Qwen3-235B-A22B_no_cot']",1,8,认同逻辑2,True,认同逻辑2,True,"认同逻辑1, 认同逻辑2",True,认同逻辑2,True,认同逻辑2,True,认同逻辑2,True,认同逻辑1,False,认同逻辑2,True,认同逻辑2,True
481,comment_changsha2_1_63,comment,我在五一广场 有个同事不知道我们经理就是那个月亮岛那里的，然后他就说乡里别 然后我们经理就说那里已经属于是开发区了，不属于是乡里了，然后我同事还没理解意思，一直在吐槽那里不好不好，结果我们经理就背后面针对他，懂得都懂,12,"['Qwen3-32B_no_cot', 'gemma-3-27b-it_zero_shot']","['Qwen3-235B-A22B_few_shot', 'Qwen3-32B_few_shot', 'Qwen3-32B_zero_shot', 'gemma-3-27b-it_no_cot', 'Qwen3-235B-A22B_zero_shot', 'gemma-3-27b-it_few_shot', 'Qwen3-235B-A22B_no_cot']",2,7,认同逻辑2,True,认同逻辑1,False,认同逻辑1,False,"认同逻辑1, 认同逻辑2",True,认同逻辑2,True,"认同逻辑1, 认同逻辑2",True,"认同逻辑1, 认同逻辑2, 认同逻辑5",True,"认同逻辑1, 认同逻辑2",True,认同逻辑2,True
